passphrase;content
AmcyTgulwf;{"$schema":"https://cert.arianee.org/version1/ArianeeAsset.json","name":"test batch"}
jPoUbSZxFC;{"$schema":"https://cert.arianee.org/version1/ArianeeAsset.json","name":"test batch"}
QBjCEiWmJA;{"$schema":"https://cert.arianee.org/version1/ArianeeAsset.json","name":"test batch"}
WreIuaRLeJ;{"$schema":"https://cert.arianee.org/version1/ArianeeAsset.json","name":"test batch"}
wkCPBqTGTz;{"$schema":"https://cert.arianee.org/version1/ArianeeAsset.json","name":"test batch"}
rwhtghSNyx;{"$schema":"https://cert.arianee.org/version1/ArianeeAsset.json","name":"test batch"}
czjsJaAmx;{"$schema":"https://cert.arianee.org/version1/ArianeeAsset.json","name":"test batch"}
XiYRpZrcrB;{"$schema":"https://cert.arianee.org/version1/ArianeeAsset.json","name":"test batch"}
xWEjeaJuDE;{"$schema":"https://cert.arianee.org/version1/ArianeeAsset.json","name":"test batch"}
hgnVGDiMr;{"$schema":"https://cert.arianee.org/version1/ArianeeAsset.json","name":"test batch"}
ErnJmQUyZU;{"$schema":"https://cert.arianee.org/version1/ArianeeAsset.json","name":"test batch"}
DeJNVcEsiD;{"$schema":"https://cert.arianee.org/version1/ArianeeAsset.json","name":"test batch"}
YNqfOIZkTR;{"$schema":"https://cert.arianee.org/version1/ArianeeAsset.json","name":"test batch"}
OzSpjtxGta;{"$schema":"https://cert.arianee.org/version1/ArianeeAsset.json","name":"test batch"}
CcwnPJoKzj;{"$schema":"https://cert.arianee.org/version1/ArianeeAsset.json","name":"test batch"}
ZzrxqBCRRO;{"$schema":"https://cert.arianee.org/version1/ArianeeAsset.json","name":"test batch"}
hStdTHGmQx;{"$schema":"https://cert.arianee.org/version1/ArianeeAsset.json","name":"test batch"}
lTDrvkTEkB;{"$schema":"https://cert.arianee.org/version1/ArianeeAsset.json","name":"test batch"}
qvpezmsrKv;{"$schema":"https://cert.arianee.org/version1/ArianeeAsset.json","name":"test batch"}
UZLWFhezDu;{"$schema":"https://cert.arianee.org/version1/ArianeeAsset.json","name":"test batch"}
UNfmxKHTc;{"$schema":"https://cert.arianee.org/version1/ArianeeAsset.json","name":"test batch"}
hiLOkQOcxJ;{"$schema":"https://cert.arianee.org/version1/ArianeeAsset.json","name":"test batch"}
YQnnKsRhyK;{"$schema":"https://cert.arianee.org/version1/ArianeeAsset.json","name":"test batch"}
ohCzrSVDIt;{"$schema":"https://cert.arianee.org/version1/ArianeeAsset.json","name":"test batch"}
dVNbyQWFWE;{"$schema":"https://cert.arianee.org/version1/ArianeeAsset.json","name":"test batch"}
yTlssBJKTP;{"$schema":"https://cert.arianee.org/version1/ArianeeAsset.json","name":"test batch"}
kMqocUdkhD;{"$schema":"https://cert.arianee.org/version1/ArianeeAsset.json","name":"test batch"}
vdgFoacYw;{"$schema":"https://cert.arianee.org/version1/ArianeeAsset.json","name":"test batch"}
ZFlUPfGZfO;{"$schema":"https://cert.arianee.org/version1/ArianeeAsset.json","name":"test batch"}
UpMnaqHAaN;{"$schema":"https://cert.arianee.org/version1/ArianeeAsset.json","name":"test batch"}
iyhtOelNHn;{"$schema":"https://cert.arianee.org/version1/ArianeeAsset.json","name":"test batch"}
rDUAPKkzuW;{"$schema":"https://cert.arianee.org/version1/ArianeeAsset.json","name":"test batch"}
jSESloZqcC;{"$schema":"https://cert.arianee.org/version1/ArianeeAsset.json","name":"test batch"}
FrxLwjkcST;{"$schema":"https://cert.arianee.org/version1/ArianeeAsset.json","name":"test batch"}
GbmfajVhQE;{"$schema":"https://cert.arianee.org/version1/ArianeeAsset.json","name":"test batch"}
EejNqqNOgc;{"$schema":"https://cert.arianee.org/version1/ArianeeAsset.json","name":"test batch"}
dfnvtjrtcA;{"$schema":"https://cert.arianee.org/version1/ArianeeAsset.json","name":"test batch"}
LJhhzlbxyk;{"$schema":"https://cert.arianee.org/version1/ArianeeAsset.json","name":"test batch"}
ImFmgqtwIY;{"$schema":"https://cert.arianee.org/version1/ArianeeAsset.json","name":"test batch"}
EckfMeuCgt;{"$schema":"https://cert.arianee.org/version1/ArianeeAsset.json","name":"test batch"}
